[
{
    "model": "admin.logentry",
    "pk": 1,
    "fields": {
        "action_time": "2025-11-02T20:38:13.315",
        "user": 1,
        "content_type": 7,
        "object_id": "1",
        "object_repr": "Banco object (1)",
        "action_flag": 1,
        "change_message": "[{\"added\": {}}]"
    }
},
{
    "model": "admin.logentry",
    "pk": 2,
    "fields": {
        "action_time": "2025-11-02T20:38:36.452",
        "user": 1,
        "content_type": 9,
        "object_id": "1",
        "object_repr": "Cliente object (1)",
        "action_flag": 1,
        "change_message": "[{\"added\": {}}]"
    }
},
{
    "model": "admin.logentry",
    "pk": 3,
    "fields": {
        "action_time": "2025-11-02T20:38:58.746",
        "user": 1,
        "content_type": 8,
        "object_id": "1",
        "object_repr": "samsumg",
        "action_flag": 1,
        "change_message": "[{\"added\": {}}]"
    }
},
{
    "model": "admin.logentry",
    "pk": 4,
    "fields": {
        "action_time": "2025-11-02T20:40:00.241",
        "user": 1,
        "content_type": 10,
        "object_id": "1",
        "object_repr": "s20 - samsumg",
        "action_flag": 1,
        "change_message": "[{\"added\": {}}]"
    }
},
{
    "model": "admin.logentry",
    "pk": 5,
    "fields": {
        "action_time": "2025-11-02T20:42:44.403",
        "user": 1,
        "content_type": 11,
        "object_id": "1",
        "object_repr": "Puntuación: 4",
        "action_flag": 1,
        "change_message": "[{\"added\": {}}]"
    }
},
{
    "model": "auth.permission",
    "pk": 1,
    "fields": {
        "name": "Can add log entry",
        "content_type": 1,
        "codename": "add_logentry"
    }
},
{
    "model": "auth.permission",
    "pk": 2,
    "fields": {
        "name": "Can change log entry",
        "content_type": 1,
        "codename": "change_logentry"
    }
},
{
    "model": "auth.permission",
    "pk": 3,
    "fields": {
        "name": "Can delete log entry",
        "content_type": 1,
        "codename": "delete_logentry"
    }
},
{
    "model": "auth.permission",
    "pk": 4,
    "fields": {
        "name": "Can view log entry",
        "content_type": 1,
        "codename": "view_logentry"
    }
},
{
    "model": "auth.permission",
    "pk": 5,
    "fields": {
        "name": "Can add permission",
        "content_type": 2,
        "codename": "add_permission"
    }
},
{
    "model": "auth.permission",
    "pk": 6,
    "fields": {
        "name": "Can change permission",
        "content_type": 2,
        "codename": "change_permission"
    }
},
{
    "model": "auth.permission",
    "pk": 7,
    "fields": {
        "name": "Can delete permission",
        "content_type": 2,
        "codename": "delete_permission"
    }
},
{
    "model": "auth.permission",
    "pk": 8,
    "fields": {
        "name": "Can view permission",
        "content_type": 2,
        "codename": "view_permission"
    }
},
{
    "model": "auth.permission",
    "pk": 9,
    "fields": {
        "name": "Can add group",
        "content_type": 3,
        "codename": "add_group"
    }
},
{
    "model": "auth.permission",
    "pk": 10,
    "fields": {
        "name": "Can change group",
        "content_type": 3,
        "codename": "change_group"
    }
},
{
    "model": "auth.permission",
    "pk": 11,
    "fields": {
        "name": "Can delete group",
        "content_type": 3,
        "codename": "delete_group"
    }
},
{
    "model": "auth.permission",
    "pk": 12,
    "fields": {
        "name": "Can view group",
        "content_type": 3,
        "codename": "view_group"
    }
},
{
    "model": "auth.permission",
    "pk": 13,
    "fields": {
        "name": "Can add user",
        "content_type": 4,
        "codename": "add_user"
    }
},
{
    "model": "auth.permission",
    "pk": 14,
    "fields": {
        "name": "Can change user",
        "content_type": 4,
        "codename": "change_user"
    }
},
{
    "model": "auth.permission",
    "pk": 15,
    "fields": {
        "name": "Can delete user",
        "content_type": 4,
        "codename": "delete_user"
    }
},
{
    "model": "auth.permission",
    "pk": 16,
    "fields": {
        "name": "Can view user",
        "content_type": 4,
        "codename": "view_user"
    }
},
{
    "model": "auth.permission",
    "pk": 17,
    "fields": {
        "name": "Can add content type",
        "content_type": 5,
        "codename": "add_contenttype"
    }
},
{
    "model": "auth.permission",
    "pk": 18,
    "fields": {
        "name": "Can change content type",
        "content_type": 5,
        "codename": "change_contenttype"
    }
},
{
    "model": "auth.permission",
    "pk": 19,
    "fields": {
        "name": "Can delete content type",
        "content_type": 5,
        "codename": "delete_contenttype"
    }
},
{
    "model": "auth.permission",
    "pk": 20,
    "fields": {
        "name": "Can view content type",
        "content_type": 5,
        "codename": "view_contenttype"
    }
},
{
    "model": "auth.permission",
    "pk": 21,
    "fields": {
        "name": "Can add session",
        "content_type": 6,
        "codename": "add_session"
    }
},
{
    "model": "auth.permission",
    "pk": 22,
    "fields": {
        "name": "Can change session",
        "content_type": 6,
        "codename": "change_session"
    }
},
{
    "model": "auth.permission",
    "pk": 23,
    "fields": {
        "name": "Can delete session",
        "content_type": 6,
        "codename": "delete_session"
    }
},
{
    "model": "auth.permission",
    "pk": 24,
    "fields": {
        "name": "Can view session",
        "content_type": 6,
        "codename": "view_session"
    }
},
{
    "model": "auth.permission",
    "pk": 25,
    "fields": {
        "name": "Can add banco",
        "content_type": 7,
        "codename": "add_banco"
    }
},
{
    "model": "auth.permission",
    "pk": 26,
    "fields": {
        "name": "Can change banco",
        "content_type": 7,
        "codename": "change_banco"
    }
},
{
    "model": "auth.permission",
    "pk": 27,
    "fields": {
        "name": "Can delete banco",
        "content_type": 7,
        "codename": "delete_banco"
    }
},
{
    "model": "auth.permission",
    "pk": 28,
    "fields": {
        "name": "Can view banco",
        "content_type": 7,
        "codename": "view_banco"
    }
},
{
    "model": "auth.permission",
    "pk": 29,
    "fields": {
        "name": "Can add marca",
        "content_type": 8,
        "codename": "add_marca"
    }
},
{
    "model": "auth.permission",
    "pk": 30,
    "fields": {
        "name": "Can change marca",
        "content_type": 8,
        "codename": "change_marca"
    }
},
{
    "model": "auth.permission",
    "pk": 31,
    "fields": {
        "name": "Can delete marca",
        "content_type": 8,
        "codename": "delete_marca"
    }
},
{
    "model": "auth.permission",
    "pk": 32,
    "fields": {
        "name": "Can view marca",
        "content_type": 8,
        "codename": "view_marca"
    }
},
{
    "model": "auth.permission",
    "pk": 33,
    "fields": {
        "name": "Can add cliente",
        "content_type": 9,
        "codename": "add_cliente"
    }
},
{
    "model": "auth.permission",
    "pk": 34,
    "fields": {
        "name": "Can change cliente",
        "content_type": 9,
        "codename": "change_cliente"
    }
},
{
    "model": "auth.permission",
    "pk": 35,
    "fields": {
        "name": "Can delete cliente",
        "content_type": 9,
        "codename": "delete_cliente"
    }
},
{
    "model": "auth.permission",
    "pk": 36,
    "fields": {
        "name": "Can view cliente",
        "content_type": 9,
        "codename": "view_cliente"
    }
},
{
    "model": "auth.permission",
    "pk": 37,
    "fields": {
        "name": "Can add movil",
        "content_type": 10,
        "codename": "add_movil"
    }
},
{
    "model": "auth.permission",
    "pk": 38,
    "fields": {
        "name": "Can change movil",
        "content_type": 10,
        "codename": "change_movil"
    }
},
{
    "model": "auth.permission",
    "pk": 39,
    "fields": {
        "name": "Can delete movil",
        "content_type": 10,
        "codename": "delete_movil"
    }
},
{
    "model": "auth.permission",
    "pk": 40,
    "fields": {
        "name": "Can view movil",
        "content_type": 10,
        "codename": "view_movil"
    }
},
{
    "model": "auth.permission",
    "pk": 41,
    "fields": {
        "name": "Can add votaciones",
        "content_type": 11,
        "codename": "add_votaciones"
    }
},
{
    "model": "auth.permission",
    "pk": 42,
    "fields": {
        "name": "Can change votaciones",
        "content_type": 11,
        "codename": "change_votaciones"
    }
},
{
    "model": "auth.permission",
    "pk": 43,
    "fields": {
        "name": "Can delete votaciones",
        "content_type": 11,
        "codename": "delete_votaciones"
    }
},
{
    "model": "auth.permission",
    "pk": 44,
    "fields": {
        "name": "Can view votaciones",
        "content_type": 11,
        "codename": "view_votaciones"
    }
},
{
    "model": "auth.user",
    "pk": 1,
    "fields": {
        "password": "pbkdf2_sha256$870000$KcDaNVHN5dMW3ooVCVeVgC$88y8r7PqAs4kUbK7V5e0KFjgr64kJO+VOiI6WvPRJeA=",
        "last_login": "2025-11-02T20:37:57.661",
        "is_superuser": true,
        "username": "antonio",
        "first_name": "",
        "last_name": "",
        "email": "1@g.com",
        "is_staff": true,
        "is_active": true,
        "date_joined": "2025-11-02T20:37:35.254",
        "groups": [],
        "user_permissions": []
    }
},
{
    "model": "contenttypes.contenttype",
    "pk": 1,
    "fields": {
        "app_label": "admin",
        "model": "logentry"
    }
},
{
    "model": "contenttypes.contenttype",
    "pk": 2,
    "fields": {
        "app_label": "auth",
        "model": "permission"
    }
},
{
    "model": "contenttypes.contenttype",
    "pk": 3,
    "fields": {
        "app_label": "auth",
        "model": "group"
    }
},
{
    "model": "contenttypes.contenttype",
    "pk": 4,
    "fields": {
        "app_label": "auth",
        "model": "user"
    }
},
{
    "model": "contenttypes.contenttype",
    "pk": 5,
    "fields": {
        "app_label": "contenttypes",
        "model": "contenttype"
    }
},
{
    "model": "contenttypes.contenttype",
    "pk": 6,
    "fields": {
        "app_label": "sessions",
        "model": "session"
    }
},
{
    "model": "contenttypes.contenttype",
    "pk": 7,
    "fields": {
        "app_label": "examen_AntonioR",
        "model": "banco"
    }
},
{
    "model": "contenttypes.contenttype",
    "pk": 8,
    "fields": {
        "app_label": "examen_AntonioR",
        "model": "marca"
    }
},
{
    "model": "contenttypes.contenttype",
    "pk": 9,
    "fields": {
        "app_label": "examen_AntonioR",
        "model": "cliente"
    }
},
{
    "model": "contenttypes.contenttype",
    "pk": 10,
    "fields": {
        "app_label": "examen_AntonioR",
        "model": "movil"
    }
},
{
    "model": "contenttypes.contenttype",
    "pk": 11,
    "fields": {
        "app_label": "examen_AntonioR",
        "model": "votaciones"
    }
},
{
    "model": "sessions.session",
    "pk": "o20astyscuh60hti3c3s2apdgsimkbx9",
    "fields": {
        "session_data": ".eJxVjDsOwjAQBe_iGlnGH-xQ0nOGaNe7iwPIluKkQtwdIqWA9s3Me6kR1qWMa-d5nEid1VEdfjeE_OC6AbpDvTWdW13mCfWm6J12fW3Ez8vu_h0U6OVb5wQECAxwsmQlAWLwPnjDLkeDBiWhQEoSc0QYhC1hcIFZcHBkUb0_Mu06BQ:1vFdtl:asN1WgqW_Mc4bZD1GeG_dUXdVceJspdGOBsxA_7jNvY",
        "expire_date": "2025-11-16T20:37:57.728"
    }
},
{
    "model": "examen_AntonioR.marca",
    "pk": 36,
    "fields": {
        "nombre": "Juanita Colom Bueno S.A."
    }
},
{
    "model": "examen_AntonioR.marca",
    "pk": 37,
    "fields": {
        "nombre": "Bernarda Fernández Carmona S.L."
    }
},
{
    "model": "examen_AntonioR.marca",
    "pk": 38,
    "fields": {
        "nombre": "Grupo Torrijos S.L.N.E"
    }
},
{
    "model": "examen_AntonioR.marca",
    "pk": 39,
    "fields": {
        "nombre": "Cabrero y asociados S.Coop."
    }
},
{
    "model": "examen_AntonioR.marca",
    "pk": 40,
    "fields": {
        "nombre": "Infraestructuras Crespo S.L."
    }
},
{
    "model": "examen_AntonioR.movil",
    "pk": 36,
    "fields": {
        "modelo": "Pacientes",
        "precio": "728.02",
        "stock": 1,
        "marca": 37
    }
},
{
    "model": "examen_AntonioR.movil",
    "pk": 37,
    "fields": {
        "modelo": "Mientras",
        "precio": "988.76",
        "stock": 45,
        "marca": 39
    }
},
{
    "model": "examen_AntonioR.movil",
    "pk": 38,
    "fields": {
        "modelo": "Flores",
        "precio": "769.51",
        "stock": 43,
        "marca": 38
    }
},
{
    "model": "examen_AntonioR.movil",
    "pk": 39,
    "fields": {
        "modelo": "Veces",
        "precio": "124.31",
        "stock": 30,
        "marca": 40
    }
},
{
    "model": "examen_AntonioR.movil",
    "pk": 40,
    "fields": {
        "modelo": "Año",
        "precio": "341.31",
        "stock": 17,
        "marca": 36
    }
},
{
    "model": "examen_AntonioR.movil",
    "pk": 41,
    "fields": {
        "modelo": "Todos",
        "precio": "1038.03",
        "stock": 39,
        "marca": 38
    }
},
{
    "model": "examen_AntonioR.movil",
    "pk": 42,
    "fields": {
        "modelo": "Comenzó",
        "precio": "392.85",
        "stock": 7,
        "marca": 39
    }
},
{
    "model": "examen_AntonioR.movil",
    "pk": 43,
    "fields": {
        "modelo": "Unidos",
        "precio": "851.68",
        "stock": 19,
        "marca": 40
    }
},
{
    "model": "examen_AntonioR.movil",
    "pk": 44,
    "fields": {
        "modelo": "Televisión",
        "precio": "189.54",
        "stock": 28,
        "marca": 36
    }
},
{
    "model": "examen_AntonioR.movil",
    "pk": 45,
    "fields": {
        "modelo": "Hechos",
        "precio": "968.44",
        "stock": 1,
        "marca": 37
    }
},
{
    "model": "examen_AntonioR.movil",
    "pk": 46,
    "fields": {
        "modelo": "Fuentes",
        "precio": "504.15",
        "stock": 40,
        "marca": 38
    }
},
{
    "model": "examen_AntonioR.movil",
    "pk": 47,
    "fields": {
        "modelo": "Comunicación",
        "precio": "104.02",
        "stock": 3,
        "marca": 40
    }
},
{
    "model": "examen_AntonioR.movil",
    "pk": 48,
    "fields": {
        "modelo": "Grado",
        "precio": "654.46",
        "stock": 23,
        "marca": 36
    }
},
{
    "model": "examen_AntonioR.movil",
    "pk": 49,
    "fields": {
        "modelo": "Crecimiento",
        "precio": "163.98",
        "stock": 44,
        "marca": 36
    }
},
{
    "model": "examen_AntonioR.movil",
    "pk": 50,
    "fields": {
        "modelo": "Libro",
        "precio": "591.54",
        "stock": 8,
        "marca": 36
    }
},
{
    "model": "examen_AntonioR.banco",
    "pk": 36,
    "fields": {
        "numero_cuenta": "ES4337547233455157316437",
        "nombre": "Caixa"
    }
},
{
    "model": "examen_AntonioR.banco",
    "pk": 37,
    "fields": {
        "numero_cuenta": "ES3210487503155904202918",
        "nombre": "Caixa"
    }
},
{
    "model": "examen_AntonioR.banco",
    "pk": 38,
    "fields": {
        "numero_cuenta": "ES1423219649372625429518",
        "nombre": "Caixa"
    }
},
{
    "model": "examen_AntonioR.banco",
    "pk": 39,
    "fields": {
        "numero_cuenta": "ES3168743765523642326408",
        "nombre": "ING"
    }
},
{
    "model": "examen_AntonioR.banco",
    "pk": 40,
    "fields": {
        "numero_cuenta": "ES4261199701124815252828",
        "nombre": "UNICAJA"
    }
},
{
    "model": "examen_AntonioR.banco",
    "pk": 41,
    "fields": {
        "numero_cuenta": "ES3702582189756245213779",
        "nombre": "BBVA"
    }
},
{
    "model": "examen_AntonioR.banco",
    "pk": 42,
    "fields": {
        "numero_cuenta": "ES9728261812805860907953",
        "nombre": "ING"
    }
},
{
    "model": "examen_AntonioR.banco",
    "pk": 43,
    "fields": {
        "numero_cuenta": "ES4083742356188454676831",
        "nombre": "Caixa"
    }
},
{
    "model": "examen_AntonioR.banco",
    "pk": 44,
    "fields": {
        "numero_cuenta": "ES3682709250579065535001",
        "nombre": "ING"
    }
},
{
    "model": "examen_AntonioR.banco",
    "pk": 45,
    "fields": {
        "numero_cuenta": "ES3047206877856676799638",
        "nombre": "Caixa"
    }
},
{
    "model": "examen_AntonioR.cliente",
    "pk": 19,
    "fields": {
        "nombre": "Reyes de Sans",
        "email": "lara34@example.net",
        "banco": 36
    }
},
{
    "model": "examen_AntonioR.cliente",
    "pk": 20,
    "fields": {
        "nombre": "Paulina Rojas",
        "email": "manzanoreyna@example.com",
        "banco": 37
    }
},
{
    "model": "examen_AntonioR.cliente",
    "pk": 21,
    "fields": {
        "nombre": "Reyna Salmerón Villalba",
        "email": "fabio82@example.net",
        "banco": 38
    }
},
{
    "model": "examen_AntonioR.cliente",
    "pk": 22,
    "fields": {
        "nombre": "Flor Cordero",
        "email": "parragodofredo@example.com",
        "banco": 39
    }
},
{
    "model": "examen_AntonioR.cliente",
    "pk": 23,
    "fields": {
        "nombre": "Violeta Aguilar Alcolea",
        "email": "urrutiadorita@example.com",
        "banco": 40
    }
},
{
    "model": "examen_AntonioR.cliente",
    "pk": 24,
    "fields": {
        "nombre": "Marianela Zamorano Batalla",
        "email": "georginaguitart@example.org",
        "banco": 41
    }
},
{
    "model": "examen_AntonioR.cliente",
    "pk": 25,
    "fields": {
        "nombre": "Fanny Arcelia Saura Orozco",
        "email": "segismundopomares@example.net",
        "banco": 42
    }
},
{
    "model": "examen_AntonioR.cliente",
    "pk": 26,
    "fields": {
        "nombre": "Aureliano Sanz Cabello",
        "email": "carla45@example.net",
        "banco": 43
    }
},
{
    "model": "examen_AntonioR.cliente",
    "pk": 27,
    "fields": {
        "nombre": "Angelina Hervás Alsina",
        "email": "diegorosa@example.org",
        "banco": 44
    }
},
{
    "model": "examen_AntonioR.cliente",
    "pk": 28,
    "fields": {
        "nombre": "Nilo García Jódar",
        "email": "xcheca@example.com",
        "banco": 45
    }
},
{
    "model": "examen_AntonioR.votaciones",
    "pk": 19,
    "fields": {
        "cliente": 19,
        "movil": 41,
        "puntuacion": 1,
        "comentario": "Tuvo rafael educación papel región país mediante.",
        "fecha_votacion": "2025-11-02T21:36:26.937"
    }
},
{
    "model": "examen_AntonioR.votaciones",
    "pk": 20,
    "fields": {
        "cliente": 19,
        "movil": 49,
        "puntuacion": 1,
        "comentario": "Hacer varios ciudad ahí ideas investigación las.",
        "fecha_votacion": "2025-11-02T21:36:26.995"
    }
},
{
    "model": "examen_AntonioR.votaciones",
    "pk": 21,
    "fields": {
        "cliente": 19,
        "movil": 50,
        "puntuacion": 4,
        "comentario": "Valor vida cambios vía tema saber dos.",
        "fecha_votacion": "2025-11-02T21:36:27.054"
    }
},
{
    "model": "examen_AntonioR.votaciones",
    "pk": 22,
    "fields": {
        "cliente": 20,
        "movil": 43,
        "puntuacion": 4,
        "comentario": "Reunión objeto punto españa él.",
        "fecha_votacion": "2025-11-02T21:36:27.112"
    }
},
{
    "model": "examen_AntonioR.votaciones",
    "pk": 23,
    "fields": {
        "cliente": 20,
        "movil": 48,
        "puntuacion": 4,
        "comentario": "Profesional producción largo pequeño señor ley final bastante mano pablo.",
        "fecha_votacion": "2025-11-02T21:36:27.170"
    }
},
{
    "model": "examen_AntonioR.votaciones",
    "pk": 24,
    "fields": {
        "cliente": 21,
        "movil": 43,
        "puntuacion": 4,
        "comentario": "Evitar sol has desarrollo diversas carácter fernando.",
        "fecha_votacion": "2025-11-02T21:36:27.229"
    }
},
{
    "model": "examen_AntonioR.votaciones",
    "pk": 25,
    "fields": {
        "cliente": 21,
        "movil": 42,
        "puntuacion": 5,
        "comentario": "Antes gente luz pie resultado padres crecimiento carrera cosa.",
        "fecha_votacion": "2025-11-02T21:36:27.304"
    }
},
{
    "model": "examen_AntonioR.votaciones",
    "pk": 26,
    "fields": {
        "cliente": 22,
        "movil": 47,
        "puntuacion": 2,
        "comentario": "Miedo comisión llegó peso habían orden situación partido guerra.",
        "fecha_votacion": "2025-11-02T21:36:27.362"
    }
},
{
    "model": "examen_AntonioR.votaciones",
    "pk": 27,
    "fields": {
        "cliente": 22,
        "movil": 43,
        "puntuacion": 2,
        "comentario": "Cuenta música servicios u plaza nadie.",
        "fecha_votacion": "2025-11-02T21:36:27.487"
    }
},
{
    "model": "examen_AntonioR.votaciones",
    "pk": 28,
    "fields": {
        "cliente": 22,
        "movil": 45,
        "puntuacion": 2,
        "comentario": "Deben alta destino blanca realizar g nuevos elementos orden.",
        "fecha_votacion": "2025-11-02T21:36:27.571"
    }
},
{
    "model": "examen_AntonioR.votaciones",
    "pk": 29,
    "fields": {
        "cliente": 23,
        "movil": 47,
        "puntuacion": 5,
        "comentario": "Militares industria constitución existen juego da queda han sistemas santa.",
        "fecha_votacion": "2025-11-02T21:36:27.635"
    }
},
{
    "model": "examen_AntonioR.votaciones",
    "pk": 30,
    "fields": {
        "cliente": 24,
        "movil": 46,
        "puntuacion": 2,
        "comentario": "Sé propuesta región finalmente claro comunidad hicieron lo debía crisis.",
        "fecha_votacion": "2025-11-02T21:36:27.735"
    }
},
{
    "model": "examen_AntonioR.votaciones",
    "pk": 31,
    "fields": {
        "cliente": 25,
        "movil": 49,
        "puntuacion": 5,
        "comentario": "Vivir situación problemas dice algunos mucha podrá.",
        "fecha_votacion": "2025-11-02T21:36:27.802"
    }
},
{
    "model": "examen_AntonioR.votaciones",
    "pk": 32,
    "fields": {
        "cliente": 26,
        "movil": 49,
        "puntuacion": 5,
        "comentario": "Muchas pensar éste comisión.",
        "fecha_votacion": "2025-11-02T21:36:27.977"
    }
},
{
    "model": "examen_AntonioR.votaciones",
    "pk": 33,
    "fields": {
        "cliente": 26,
        "movil": 46,
        "puntuacion": 2,
        "comentario": "Plan sector horas autoridades teoría cabeza instituciones explicó.",
        "fecha_votacion": "2025-11-02T21:36:28.043"
    }
},
{
    "model": "examen_AntonioR.votaciones",
    "pk": 34,
    "fields": {
        "cliente": 27,
        "movil": 39,
        "puntuacion": 2,
        "comentario": "Única presenta igual diversas silencio familia película sé propuesta conjunto amigo.",
        "fecha_votacion": "2025-11-02T21:36:28.110"
    }
},
{
    "model": "examen_AntonioR.votaciones",
    "pk": 35,
    "fields": {
        "cliente": 27,
        "movil": 38,
        "puntuacion": 5,
        "comentario": "Un otra padre manera productos.",
        "fecha_votacion": "2025-11-02T21:36:28.176"
    }
},
{
    "model": "examen_AntonioR.votaciones",
    "pk": 36,
    "fields": {
        "cliente": 27,
        "movil": 41,
        "puntuacion": 2,
        "comentario": "Pueblo resto reunión democracia niño población.",
        "fecha_votacion": "2025-11-02T21:36:28.335"
    }
},
{
    "model": "examen_AntonioR.votaciones",
    "pk": 37,
    "fields": {
        "cliente": 28,
        "movil": 50,
        "puntuacion": 3,
        "comentario": "Líder bueno julio mujeres dios miedo gracias sobre la ellas.",
        "fecha_votacion": "2025-11-02T21:36:28.427"
    }
},
{
    "model": "examen_AntonioR.votaciones",
    "pk": 38,
    "fields": {
        "cliente": 28,
        "movil": 42,
        "puntuacion": 5,
        "comentario": "Propia entre b experiencia líder trata llegar luego.",
        "fecha_votacion": "2025-11-02T21:36:28.496"
    }
},
{
    "model": "examen_AntonioR.votaciones",
    "pk": 39,
    "fields": {
        "cliente": 28,
        "movil": 37,
        "puntuacion": 1,
        "comentario": "Sea dirección dos francisco costa miguel.",
        "fecha_votacion": "2025-11-02T21:36:28.604"
    }
}
]
